{
  "timestamp": "2026-04-30T03:36:36Z",
  "phase": 0,
  "benchmark": "unfused_shifted_window_mechanics",
  "mode": "synthetic_internal_swin_unetr_shapes",
  "shape": "btcv",
  "input_shape": [
    1,
    1,
    96,
    96,
    96
  ],
  "device": "cuda:0",
  "torch_version": "2.10.0+cu130",
  "cuda_version": "13.0",
  "dtype": "fp16",
  "mean_fusable_over_attention_probe_fraction": 0.4167615910657824,
  "go_no_go_decision": "proceed_fully",
  "notes": [
    "This benchmark does not call CRUMPET kernels.",
    "The attention probe is a window-local QK matmul timing, not a full MONAI block timing.",
    "Full MONAI module timing is deferred to bench_e2e.py."
  ],
  "records": [
    {
      "stage_index": 0,
      "block_index": 0,
      "D": 48,
      "H": 48,
      "W": 48,
      "C": 48,
      "padded_D": 49,
      "padded_H": 49,
      "padded_W": 49,
      "window_size": [
        7,
        7,
        7
      ],
      "shift_size": [
        0,
        0,
        0
      ],
      "dtype": "float16",
      "device": "cuda:0",
      "num_windows": 343,
      "window_volume": 343,
      "roll_partition": {
        "mean_ms": 0.07377599999308586,
        "p50_ms": 0.07331199944019318,
        "p95_ms": 0.07804799824953079,
        "iters": 10
      },
      "window_reverse_roll": {
        "mean_ms": 0.081734399497509,
        "p50_ms": 0.08171200007200241,
        "p95_ms": 0.08284799754619598,
        "iters": 10
      },
      "compute_mask": {
        "mean_ms": 0.43516160249710084,
        "p50_ms": 0.4256959855556488,
        "p95_ms": 0.47254401445388794,
        "iters": 5
      },
      "attention_probe": {
        "mean_ms": 1.5549184083938599,
        "p50_ms": 1.5332159996032715,
        "p95_ms": 1.64409601688385,
        "iters": 5
      },
      "fusable_over_attention_probe_fraction": 0.27529578764413615
    },
    {
      "stage_index": 0,
      "block_index": 1,
      "D": 48,
      "H": 48,
      "W": 48,
      "C": 48,
      "padded_D": 49,
      "padded_H": 49,
      "padded_W": 49,
      "window_size": [
        7,
        7,
        7
      ],
      "shift_size": [
        3,
        3,
        3
      ],
      "dtype": "float16",
      "device": "cuda:0",
      "num_windows": 343,
      "window_volume": 343,
      "roll_partition": {
        "mean_ms": 0.33101439774036406,
        "p50_ms": 0.33139199018478394,
        "p95_ms": 0.33273598551750183,
        "iters": 10
      },
      "window_reverse_roll": {
        "mean_ms": 0.32551040053367614,
        "p50_ms": 0.3259519934654236,
        "p95_ms": 0.3274880051612854,
        "iters": 10
      },
      "compute_mask": {
        "mean_ms": 1.085472011566162,
        "p50_ms": 1.06387197971344,
        "p95_ms": 1.2088960409164429,
        "iters": 5
      },
      "attention_probe": {
        "mean_ms": 1.5531071901321412,
        "p50_ms": 1.5380159616470337,
        "p95_ms": 1.5853760242462158,
        "iters": 5
      },
      "fusable_over_attention_probe_fraction": 0.5286621635780915
    },
    {
      "stage_index": 1,
      "block_index": 0,
      "D": 24,
      "H": 24,
      "W": 24,
      "C": 96,
      "padded_D": 28,
      "padded_H": 28,
      "padded_W": 28,
      "window_size": [
        7,
        7,
        7
      ],
      "shift_size": [
        0,
        0,
        0
      ],
      "dtype": "float16",
      "device": "cuda:0",
      "num_windows": 64,
      "window_volume": 343,
      "roll_partition": {
        "mean_ms": 0.0303423997014761,
        "p50_ms": 0.030143999494612217,
        "p95_ms": 0.03167999908328056,
        "iters": 10
      },
      "window_reverse_roll": {
        "mean_ms": 0.030105599947273732,
        "p50_ms": 0.029888000339269638,
        "p95_ms": 0.03097599931061268,
        "iters": 10
      },
      "compute_mask": {
        "mean_ms": 0.061791999638080596,
        "p50_ms": 0.05974400043487549,
        "p95_ms": 0.06835199892520905,
        "iters": 5
      },
      "attention_probe": {
        "mean_ms": 0.6025152087211609,
        "p50_ms": 0.6031360030174255,
        "p95_ms": 0.6041920185089111,
        "iters": 5
      },
      "fusable_over_attention_probe_fraction": 0.16866384392436487
    },
    {
      "stage_index": 1,
      "block_index": 1,
      "D": 24,
      "H": 24,
      "W": 24,
      "C": 96,
      "padded_D": 28,
      "padded_H": 28,
      "padded_W": 28,
      "window_size": [
        7,
        7,
        7
      ],
      "shift_size": [
        3,
        3,
        3
      ],
      "dtype": "float16",
      "device": "cuda:0",
      "num_windows": 64,
      "window_volume": 343,
      "roll_partition": {
        "mean_ms": 0.10767039954662323,
        "p50_ms": 0.1077600009739399,
        "p95_ms": 0.10857599973678589,
        "iters": 10
      },
      "window_reverse_roll": {
        "mean_ms": 0.11710719987750054,
        "p50_ms": 0.11692800000309944,
        "p95_ms": 0.118367999792099,
        "iters": 10
      },
      "compute_mask": {
        "mean_ms": 0.2856703996658325,
        "p50_ms": 0.2842879891395569,
        "p95_ms": 0.2893120050430298,
        "iters": 5
      },
      "attention_probe": {
        "mean_ms": 0.6005568027496337,
        "p50_ms": 0.6008319854736328,
        "p95_ms": 0.6013759970664978,
        "iters": 5
      },
      "fusable_over_attention_probe_fraction": 0.45944715832439414
    },
    {
      "stage_index": 2,
      "block_index": 0,
      "D": 12,
      "H": 12,
      "W": 12,
      "C": 192,
      "padded_D": 14,
      "padded_H": 14,
      "padded_W": 14,
      "window_size": [
        7,
        7,
        7
      ],
      "shift_size": [
        0,
        0,
        0
      ],
      "dtype": "float16",
      "device": "cuda:0",
      "num_windows": 8,
      "window_volume": 343,
      "roll_partition": {
        "mean_ms": 0.0169599998742342,
        "p50_ms": 0.01727999933063984,
        "p95_ms": 0.018112000077962875,
        "iters": 10
      },
      "window_reverse_roll": {
        "mean_ms": 0.016028799768537282,
        "p50_ms": 0.015647999942302704,
        "p95_ms": 0.01724799908697605,
        "iters": 10
      },
      "compute_mask": {
        "mean_ms": 0.01142400000244379,
        "p50_ms": 0.011392000131309032,
        "p95_ms": 0.01196799986064434,
        "iters": 5
      },
      "attention_probe": {
        "mean_ms": 0.16343680024147034,
        "p50_ms": 0.1616320013999939,
        "p95_ms": 0.1709440052509308,
        "iters": 5
      },
      "fusable_over_attention_probe_fraction": 0.21367758066134368
    },
    {
      "stage_index": 2,
      "block_index": 1,
      "D": 12,
      "H": 12,
      "W": 12,
      "C": 192,
      "padded_D": 14,
      "padded_H": 14,
      "padded_W": 14,
      "window_size": [
        7,
        7,
        7
      ],
      "shift_size": [
        3,
        3,
        3
      ],
      "dtype": "float16",
      "device": "cuda:0",
      "num_windows": 8,
      "window_volume": 343,
      "roll_partition": {
        "mean_ms": 0.038716799765825274,
        "p50_ms": 0.03876800090074539,
        "p95_ms": 0.03964800015091896,
        "iters": 10
      },
      "window_reverse_roll": {
        "mean_ms": 0.04076479971408844,
        "p50_ms": 0.04016000032424927,
        "p95_ms": 0.041919998824596405,
        "iters": 10
      },
      "compute_mask": {
        "mean_ms": 0.1966079980134964,
        "p50_ms": 0.1722559928894043,
        "p95_ms": 0.2520959973335266,
        "iters": 5
      },
      "attention_probe": {
        "mean_ms": 0.1625855952501297,
        "p50_ms": 0.1619199961423874,
        "p95_ms": 0.16649599373340607,
        "iters": 5
      },
      "fusable_over_attention_probe_fraction": 0.629371348233085
    },
    {
      "stage_index": 3,
      "block_index": 0,
      "D": 6,
      "H": 6,
      "W": 6,
      "C": 384,
      "padded_D": 6,
      "padded_H": 6,
      "padded_W": 6,
      "window_size": [
        6,
        6,
        6
      ],